Factor,Trait,Synonym,Verb,Noun
Autonomy,Independence,Freedom,Liberate,Freedom
Autonomy,Independence,Self-reliance,Rely on self,Self-reliance
Autonomy,Independence,Individuality,Individualize,Individuality
Autonomy,Independence,Empowerment,Empower,Empowerment
Autonomy,Choice,Decision-making,Decide,Decision
Autonomy,Choice,Options,Opt,Option
Autonomy,Choice,Selection,Select,Selection
Autonomy,Choice,Volition,Will,Volition
Autonomy,Authenticity,Genuineness,Authenticate,Authenticity
Autonomy,Authenticity,Sincerity,Sincere,Sincerity
Autonomy,Authenticity,Realness,Realize,Realness
Autonomy,Authenticity,True self,Express,Self
Autonomy,Self-governance,Self-control,Control,Governance
Autonomy,Self-governance,Self-discipline,Discipline,Discipline
Autonomy,Self-governance,Self-regulation,Regulate,Regulation
Autonomy,Self-governance,Self-management,Manage,Management
Autonomy,Self-expression,Creativity,Create,Expression
Autonomy,Self-expression,Self-identity,Identify,Identity
Autonomy,Self-expression,Uniqueness,Distinguish,Uniqueness
Autonomy,Self-expression,Personal voice,Express,Voice
Autonomy,Initiative,Proactivity,Initiate,Initiative
Autonomy,Initiative,Enterprise,Undertake,Enterprise
Autonomy,Initiative,Taking charge,Lead,Leadership
Autonomy,Initiative,Being proactive,Activate,Proactivity
Autonomy,Freedom of expression,Speech,Speak,Freedom
Autonomy,Freedom of expression,Artistic expression,Express,Expression
Autonomy,Freedom of expression,Opinion,Opine,Opinion
Autonomy,Freedom of expression,Voice,Voice,Voice
Competence,Mastery,Proficiency,Master,Mastery
Competence,Mastery,Skillfulness,Skill,Skillfulness
Competence,Mastery,Expertise,Expertise,Expertise
Competence,Mastery,Competency,Compete,Competency
Competence,Effectiveness,Efficacy,Effect,Effectiveness
Competence,Effectiveness,Productivity,Produce,Productivity
Competence,Effectiveness,Efficiency,Efficient,Efficiency
Competence,Effectiveness,Capability,Capable,Capability
Competence,Achievement,Success,Succeed,Achievement
Competence,Achievement,Accomplishment,Accomplish,Accomplishment
Competence,Achievement,Attainment,Attain,Attainment
Competence,Achievement,Triumph,Triumph,Triumph
Competence,Growth,Development,Develop,Growth
Competence,Growth,Advancement,Advance,Development
Competence,Growth,Progress,Progress,Advancement
Competence,Growth,Improvement,Improve,Improvement
Competence,Confidence,Self-assurance,Confide,Confidence
Competence,Confidence,Belief,Believe,Belief
Competence,Confidence,Assuredness,Assure,Assuredness
Competence,Confidence,Certainty,Certify,Certainty
Competence,Learning,Knowledge acquisition,Learn,Learning
Competence,Learning,Academic growth,Acquire,Acquisition
Competence,Learning,Intellectual development,Develop intellectually,Development
Competence,Learning,Education,Educate,Education
Competence,Challenge,Difficulty,Challenge,Challenge
Competence,Challenge,Obstacle,Obstruct,Obstacle
Competence,Challenge,Hurdle,Hurdle,Hurdle
Competence,Challenge,Test,Test,Test
Relatedness,Connection,Relationship,Connect,Connection
Relatedness,Connection,Bond,Bind,Bond
Relatedness,Connection,Attachment,Attach,Attachment
Relatedness,Connection,Interpersonal connection,Relate,Relationship
Relatedness,Belongingness,Inclusion,Include,Inclusion
Relatedness,Belongingness,Acceptance,Accept,Acceptance
Relatedness,Belongingness,Membership,Join,Membership
Relatedness,Belongingness,Social connection,Socialize,Belonging
Relatedness,Empathy,Understanding,Empathize,Empathy
Relatedness,Empathy,Compassion,Understand,Understanding
Relatedness,Empathy,Caring,Care for,Compassion
Relatedness,Empathy,Sensitivity,Sense,Sensitivity
Relatedness,Collaboration,Cooperation,Collaborate,Collaboration
Relatedness,Collaboration,Partnership,Cooperate,Cooperation
Relatedness,Collaboration,Teamwork,Partner,Partnership
Relatedness,Collaboration,Joint effort,Team up,Teamwork
Relatedness,Support,Assistance,Support,Support
Relatedness,Support,Help,Assist,Assistance
Relatedness,Support,Encouragement,Encourage,Encouragement
Relatedness,Support,Backing,Back,Backing
Relatedness,Friendship,Companionship,Befriend,Friendship
Relatedness,Friendship,Camaraderie,Companion,Companionship
Relatedness,Friendship,Intimacy,Intimate,Intimacy
Relatedness,Friendship,Social bond,Socialize,Bond
Relatedness,Respect,Esteem,Respect,Respect
Relatedness,Respect,Admiration,Esteem,Esteem
Relatedness,Respect,Honor,Admire,Admiration
Relatedness,Respect,Regard,Honor,Honor
